Product_ID,Product_Name,Brand,Category,Price,In_Stock,rating,Description,Release_Date
69325B1A,Intuitive disintermediate flexibility,Sony,Beauty,179.33,False,3.0,Police space instead maintain close industry beautiful fast.,2023-12-29
31DC2E26,User-centric modular superstructure,Puma,Books,336.78,True,2.2,Go deep environmental type air accept job car require personal.,2021-02-16
C6C0394B,Up-sized explicit algorithm,Sony,Books,746.98,False,1.0,Sometimes party animal short talk sense popular star when test last capital.,2020-11-07
879253A9,Total systemic projection,Nike,Electronics,83.3,True,1.7,Daughter also fight lead add simply drive draw tend.,2026-03-07
F72B00E9,Robust neutral complexity,Adidas,Fashion,851.01,True,4.1,Much prove rest what window never young here thing fear method opportunity phone.,2023-09-23
BDD516BE,Up-sized holistic implementation,Sony,Fashion,911.13,True,1.4,Example answer seem culture see later side who its white also glass.,2024-08-22
8843A12A,Versatile fresh-thinking pricing structure,Samsung,Fashion,908.0,True,4.8,Wait exactly shoulder activity state American whatever candidate color.,2025-02-24
6184A5D9,Programmable fresh-thinking challenge,Sony,Fashion,544.21,False,2.4,Direction my yard than hit stage unit month country gas any operation relationship.,2022-02-21
04C58F8B,Upgradable motivating task-force,Sony,Home and Kitchen,43.06,True,4.4,Realize coach head care hard situation new.,2021-05-18
5D979718,Mandatory didactic model,Apple,Beauty,172.34,True,2.5,Theory fish side recent money his scientist case.,2020-10-04
FFC8E29B,Polarized incremental matrices,Puma,Books,89.83,True,2.3,Full second around training tax wall light matter yet account.,2022-10-29
8E3BB451,Front-line content-based attitude,Boat,Electronics,830.2,True,4.3,Exactly article because into free short customer eye evidence central.,2024-08-27
5029636C,Front-line analyzing focus group,Boat,Books,141.29,False,3.2,Drive laugh experience money to ok probably choose enter media under sure life.,2020-12-23
31839D0D,User-centric holistic alliance,Boat,Beauty,979.97,True,3.0,Option memory drug seem story important play least consumer simple pick so.,2023-01-09
78D25459,Profit-focused mission-critical utilization,Nike,Beauty,213.54,False,4.4,Born customer politics rate common several.,2023-03-13
249BCC9B,Optimized homogeneous solution,Samsung,Electronics,306.77,True,2.5,Person economic yourself want tax assume.,2020-05-27
49A6A00F,Streamlined 6thgeneration protocol,Sony,Fashion,349.15,False,4.0,Against center just fish stage happy top pull relationship ago senior economic girl.,2024-02-06
CFF115B9,Public-key even-keeled adapter,Puma,Fashion,268.78,True,3.6,Much society with exist yeah school.,2021-08-27
EC772E13,Optimized dedicated algorithm,Sony,Beauty,139.63,True,4.1,Since activity process what serious practice conference simple they safe relationship.,2022-05-16
B605E882,Organic object-oriented frame,Adidas,Sports,236.15,True,2.6,Fast along law public become stuff Congress enjoy trial guess most environmental nature.,2021-11-17
6CF86FC8,Triple-buffered explicit customer loyalty,Puma,Home and Kitchen,809.34,False,2.2,If well laugh camera particular determine care fear other.,2022-03-29
2FCF1013,User-centric directional conglomeration,Apple,Electronics,375.41,True,3.0,Produce quality its modern in quality population drive bank.,2023-01-09
F60BD562,Operative 5thgeneration leverage,Sony,Fashion,715.69,False,3.1,Religious policy sure town some economy laugh generation everybody.,2020-05-24
CC880295,Virtual full-range architecture,Adidas,Electronics,118.0,True,1.9,Dinner sound project population forward spend senior serious soldier.,2024-11-23
D454F822,Cross-group hybrid migration,Puma,Electronics,811.29,True,2.3,Section maybe gun north boy probably vote especially message.,2025-07-26
9F3283D7,Robust regional extranet,Puma,Beauty,25.83,True,1.2,Give commercial ok total husband produce.,2020-09-06
67FDC5FD,Integrated secondary middleware,Boat,Sports,730.7,True,2.9,Range believe consider whether present really financial.,2022-05-26
AD25C82E,Automated cohesive knowledgebase,Sony,Fashion,733.09,True,3.2,Value rise much mission push specific lead attention born degree before staff maintain.,2020-04-01
E48F45ED,Mandatory fault-tolerant system engine,Nike,Sports,73.96,False,2.9,There ten time few blue marriage heavy anything mean know.,2022-07-22
0DED8859,Stand-alone full-range architecture,Apple,Beauty,295.56,False,3.5,Quality Congress prevent mission authority leave hair leave statement economic image.,2026-02-11
211DEE29,Intuitive eco-centric orchestration,Boat,Fashion,452.91,True,4.5,Account feeling none federal experience two Congress wrong push explain really city care.,2021-09-04
2EEFA6BD,Multi-channeled composite benchmark,Puma,Fashion,566.97,False,4.6,Ten one grow enter watch director outside up ground have of.,2023-11-14
8216E331,Future-proofed eco-centric hardware,Adidas,Electronics,631.48,True,2.0,Well when executive push main pay happy dream information since affect parent day.,2021-01-28
42CA3132,Programmable user-facing knowledgebase,Puma,Electronics,417.58,False,3.9,Laugh idea real south certainly garden oil section few fight him.,2023-05-08
A86CE850,User-friendly analyzing middleware,Puma,Books,586.76,True,1.4,My attack pass outside drop if perhaps general approach American them carry local.,2025-10-21
32238C28,Universal intangible encoding,Sony,Books,64.76,True,4.9,Must think one need look cell.,2020-11-16
685D621B,Adaptive asynchronous utilization,Boat,Books,517.49,False,4.3,Provide although everybody leave finally evening.,2023-10-25
6DFCE8A4,Visionary next generation encryption,Apple,Sports,932.85,True,5.0,Cultural learn they air high too safe season.,2021-07-13
E14D2342,Balanced 5thgeneration alliance,Puma,Home and Kitchen,454.27,True,3.3,Knowledge over least fear if happy.,2022-07-21
C49D081F,Versatile incremental support,Apple,Fashion,15.36,True,1.5,Case direction behind yard stop day throughout.,2025-01-07
E2903C9C,Innovative grid-enabled benchmark,Nike,Books,573.52,True,3.4,Land program quickly black break throughout person per deep over.,2021-11-02
0BC4F397,Organic asymmetric installation,Puma,Electronics,127.08,True,1.6,Others hotel him campaign red room five push its play nation financial key.,2025-04-25
DB666475,User-centric logistical knowledgebase,Samsung,Beauty,573.37,True,2.6,Seek however modern dream build hospital.,2025-12-29
BFD1AB07,Diverse maximized hierarchy,Adidas,Beauty,668.4,True,3.2,Growth ground social board everybody force interesting phone safe.,2025-12-18
17341A87,Managed clear-thinking alliance,Puma,Beauty,950.84,True,3.9,Wear whatever course particular probably one way.,2025-10-31
96804C1A,Synchronized 24hour definition,Adidas,Books,846.45,True,2.9,May voice career capital positive score small art.,2023-11-11
768536D3,Optimized optimal analyzer,Apple,Home and Kitchen,907.78,False,1.6,My arm care letter truth officer black million subject power present.,2024-06-13
29E08529,Polarized 24hour conglomeration,Samsung,Home and Kitchen,952.9,True,4.8,Energy her your book back door either individual report moment.,2025-09-13
635862FA,Extended hybrid infrastructure,Apple,Electronics,811.18,True,3.3,Whole pattern radio while increase baby discuss.,2024-01-24
91816ED5,Visionary cohesive forecast,Boat,Fashion,504.29,True,1.5,Here serve run join million almost little general.,2023-05-03
B0BB318B,Polarized fault-tolerant portal,Samsung,Beauty,754.04,True,2.1,Indeed our nature strategy weight seem miss outside ahead degree wonder.,2020-02-26
11673119,Synergistic clear-thinking emulation,Sony,Beauty,91.17,True,3.9,Door him compare fire arrive rise provide million.,2025-01-19
FB601655,Re-contextualized grid-enabled synergy,Adidas,Beauty,230.1,True,3.1,Significant reduce truth whom to little scene.,2022-06-19
7D44A8E4,Synchronized tangible Local Area Network,Boat,Sports,732.03,False,4.7,New factor street water raise smile enjoy base trade house again not wall.,2022-09-18
62CCBB0E,Synergized bifurcated neural-net,Adidas,Beauty,981.76,True,1.3,Answer sound hand mean answer make approach hard majority performance.,2020-03-27
6560A903,Triple-buffered even-keeled data-warehouse,Boat,Home and Kitchen,811.82,True,4.5,Forget kid figure reduce price head.,2021-11-28
E193DB83,Devolved logistical hardware,Boat,Books,233.86,True,3.0,Off draw long baby among against have change both.,2024-04-13
7F2BBB17,Reduced system-worthy function,Nike,Sports,262.09,True,3.2,Guess including before leader unit art.,2022-04-26
C6DDF1FC,Digitized zero-defect pricing structure,Puma,Fashion,91.86,True,3.2,National realize party name young nice from stand week source glass.,2022-06-25
37D3F573,Versatile logistical challenge,Apple,Home and Kitchen,917.85,True,1.4,Upon arm kind serious sing play media age treat family meet could easy.,2021-11-28
41F4162A,Re-engineered eco-centric Internet solution,Nike,Electronics,517.61,False,2.4,Leg land financial fill evidence TV ten model nearly team.,2025-10-16
5EDF5F40,Universal dynamic synergy,Apple,Home and Kitchen,454.56,True,1.4,Old wonder put hand for about new garden charge sport.,2020-09-15
CC28DE06,Diverse 5thgeneration toolset,Puma,Home and Kitchen,865.76,True,3.0,Those interest executive picture without less debate choose certainly newspaper.,2025-11-20
9DF6434F,Customizable motivating product,Puma,Books,760.46,True,4.5,Design seat land least yeah manager according.,2023-07-10
F8A00DCB,Pre-emptive value-added success,Puma,Books,923.93,True,3.5,Person get into entire decade now stuff kind quality big.,2022-10-27
C2AF2A4F,User-friendly 24/7 hub,Boat,Beauty,452.44,True,4.2,Culture stand floor management seem population.,2023-01-17
C9686B83,Cross-platform empowering solution,Puma,Sports,969.31,True,3.7,Generation white six strong save north myself describe offer chair church test can.,2022-07-17
C7692DF3,Right-sized non-volatile matrices,Nike,Books,96.98,True,1.5,Story bag special newspaper box investment economy.,2022-04-02
3F64AE53,Horizontal demand-driven instruction set,Boat,Fashion,28.24,True,2.9,All method be behind who page soldier spring.,2020-08-07
B836CFA5,Reduced demand-driven hub,Adidas,Books,579.86,True,4.0,Wish human deep could his exist along.,2022-07-12
11100E3A,Face-to-face impactful methodology,Sony,Fashion,340.53,True,3.7,Old play play worry catch where.,2022-05-09
973D186C,Triple-buffered didactic matrix,Apple,Home and Kitchen,835.64,True,4.5,Of woman federal with send hospital total charge box.,2020-12-17
44488794,Digitized directional Graphical User Interface,Apple,Beauty,300.09,True,3.0,Among medical image whatever officer away trade key.,2024-06-16
9DBA6BFD,Switchable high-level Graphic Interface,Adidas,Fashion,232.75,False,1.1,Month especially nation customer magazine property mother part fish final citizen film.,2021-08-19
A3C59F9E,Right-sized object-oriented software,Nike,Books,662.82,True,4.6,Account knowledge letter thus people seem difference approach.,2023-04-30
14F7FC64,Devolved incremental system engine,Sony,Sports,638.85,False,4.5,Day responsibility well amount company a think up.,2025-06-18
9276E450,Realigned demand-driven projection,Sony,Home and Kitchen,616.08,True,3.6,Read level suggest process mention style social.,2021-04-23
9E168CDA,Optimized encompassing service-desk,Apple,Home and Kitchen,964.2,True,3.7,Guy low trip enter human bag cultural reality perform.,2021-10-20
16E1E857,Synchronized reciprocal utilization,Puma,Fashion,239.45,False,2.0,I how our region age environmental without tonight these.,2022-01-13
C829E6B9,Virtual well-modulated superstructure,Boat,Home and Kitchen,342.63,True,2.3,Response then kid member door product record operation benefit fall late minute manager.,2020-03-05
F5337788,Multi-channeled mobile functionalities,Nike,Beauty,632.03,True,1.7,Why staff single new better vote give employee reveal.,2021-08-23
14660C7A,Extended intermediate neural-net,Puma,Sports,638.46,True,3.9,Chair side article recognize against unit glass history floor.,2021-10-28
F40D7D69,Organized 24hour utilization,Sony,Beauty,154.25,True,1.8,Resource unit east win name all piece seek.,2024-07-28
C6708405,Balanced object-oriented Graphical User Interface,Sony,Beauty,341.37,True,1.6,Assume indicate lawyer dream focus research education political which.,2023-07-07
910C2F22,Ameliorated 4thgeneration application,Boat,Sports,876.59,True,2.1,Message floor it serious remember everything food interview.,2023-09-25
2469AC28,Streamlined optimal productivity,Adidas,Books,742.25,True,3.3,Policy pressure most recently child sign exactly far clearly.,2020-03-13
1774F82A,Operative modular artificial intelligence,Adidas,Home and Kitchen,231.79,True,4.1,Keep never discuss or by present ball everything language.,2025-04-20
3B03FD6F,Open-source reciprocal installation,Boat,Books,305.04,False,3.9,Perhaps and control five nor late nothing night forget at language another.,2025-01-16
8AA575AF,Automated radical collaboration,Adidas,Electronics,662.56,True,4.6,After design kind stand shake reveal sometimes sort.,2025-06-08
A511EEBF,Multi-tiered grid-enabled success,Samsung,Home and Kitchen,141.97,True,1.1,Often rest family draw watch admit history give story.,2022-04-07
0434B18A,Enterprise-wide stable product,Nike,Electronics,769.49,False,4.4,Painting citizen note firm article list everybody us act.,2022-06-07
17BD724C,Down-sized fault-tolerant hub,Puma,Home and Kitchen,16.45,True,2.5,First exist wait director young ok left.,2025-03-08
3AC92379,Seamless systemic service-desk,Boat,Electronics,618.05,False,1.4,Would forward individual seven political approach student yard space anyone thus.,2024-10-11
483D4BCE,User-friendly actuating matrices,Boat,Home and Kitchen,323.32,True,1.1,Because impact difficult your leader several return why really think.,2020-04-13
79F043F3,Configurable human-resource firmware,Adidas,Fashion,694.98,True,2.7,Region trip contain data individual less here rest special wrong thank these.,2024-09-28
9B777B27,Cross-group cohesive migration,Sony,Sports,521.04,True,1.1,Face treatment history realize loss peace make order particular police practice opportunity crime.,2025-01-26
2893DA2A,Assimilated solution-oriented info-mediaries,Samsung,Beauty,348.31,True,3.8,Wall management mean he technology structure service international director rest environmental.,2024-05-01
B8E96623,Function-based static parallelism,Adidas,Sports,140.48,True,4.8,Suddenly adult care close memory fill hold suggest responsibility seven try popular enough.,2021-01-06
7B4854DD,Organized even-keeled installation,Adidas,Fashion,307.93,True,2.7,Hundred rich capital her eight box.,2022-03-20
F2D7840B,Re-contextualized tertiary moderator,Sony,Home and Kitchen,863.98,True,2.3,Enough financial animal much economy suddenly head mention each hard yeah also skill.,2024-10-02
54297317,User-friendly leadingedge service-desk,Boat,Books,364.9,True,2.8,Board enjoy establish health work method marriage best how himself beautiful ask.,2023-12-30
A73D1F22,Phased modular analyzer,Adidas,Books,40.92,True,2.3,Factor somebody evening take me last seven in.,2021-07-14
289975F0,Total asymmetric process improvement,Nike,Books,542.1,True,2.2,Compare history help order cultural anyone.,2024-04-18
EAD8B882,Diverse stable moratorium,Adidas,Home and Kitchen,741.01,True,2.3,Kind force test main impact certain involve wide.,2023-01-31
A3BACCAE,Exclusive holistic moratorium,Boat,Electronics,805.12,False,2.5,Available center relate which compare chair.,2024-05-19
9B631A0D,Robust radical paradigm,Apple,Home and Kitchen,584.54,True,2.1,Morning direction military east office less discuss himself.,2023-06-30
BA877618,Extended zero tolerance analyzer,Puma,Electronics,159.48,True,3.0,World fly his prepare very statement machine despite painting agreement professor available.,2024-03-19
3A86F94E,Open-architected even-keeled strategy,Samsung,Home and Kitchen,607.24,True,3.7,When so easy another really together election shoulder order outside before.,2021-01-14
21E5F20A,Automated attitude-oriented matrices,Puma,Books,225.67,True,3.2,Within check big particularly have everything white later player join despite.,2022-04-12
3ADEF643,Optimized bandwidth-monitored help-desk,Puma,Fashion,980.07,False,4.3,Open true appear suddenly camera available perform strategy from ask early my view.,2024-07-09
3CFB914B,Reverse-engineered zero-defect open architecture,Adidas,Home and Kitchen,275.32,True,2.9,Character like four morning market truth century scientist wish account officer.,2020-05-08
13E599E0,Distributed human-resource benchmark,Apple,Electronics,967.79,True,3.5,Tonight wear a his good five ability become author skin recent employee.,2020-01-01
77A4FF5F,Persistent needs-based initiative,Puma,Fashion,187.28,True,1.2,Describe series if significant enough great property industry.,2023-01-18
44D2D13C,Down-sized national implementation,Apple,Electronics,939.19,True,4.1,Travel two ground course third share city success of.,2020-07-27
B2906620,Polarized client-server methodology,Nike,Fashion,336.36,False,1.2,Professor without better garden tell west down type start dream rate.,2020-02-26
E9D8E276,User-friendly didactic process improvement,Boat,Sports,842.24,True,3.0,Adult policy ground drop eat bit example work.,2025-07-24
E92DEB65,Reduced even-keeled open architecture,Samsung,Sports,460.2,True,4.9,Card movie letter allow spend get thank.,2024-02-03
00FC73EB,Cross-group actuating open system,Boat,Beauty,172.37,False,1.8,Fish after name deal hour edge each democratic well sure particularly treatment.,2023-04-25
FC69594E,Persistent heuristic Internet solution,Samsung,Electronics,235.24,True,3.3,Yeah traditional Congress mission learn phone fly mouth through detail theory realize.,2021-02-06
F48B26E6,Proactive full-range hub,Sony,Fashion,417.8,True,4.4,Raise our wonder note past exactly maintain.,2023-06-07
8C5CE877,Networked attitude-oriented application,Apple,Electronics,999.84,True,2.2,Television light become bill while sound finally.,2022-01-30
83B4D435,User-friendly system-worthy synergy,Samsung,Electronics,330.91,True,1.8,Leg argue many business green face mouth television.,2023-07-03
5A9FBBFB,Focused systemic productivity,Adidas,Home and Kitchen,602.01,True,1.8,Plant team region power meet range data ask Mr behind.,2026-01-31
66F624D8,Multi-lateral next generation orchestration,Samsung,Beauty,351.91,True,4.6,Far establish still red religious red which suggest low room five.,2022-12-24
52BBF0BE,Organic asynchronous intranet,Puma,Sports,184.21,True,2.4,West past audience example information apply standard job short member glass.,2023-05-04
ACA06832,Upgradable logistical algorithm,Puma,Home and Kitchen,623.04,False,3.4,Senior population politics doctor player push hotel paper management information attention.,2024-04-06
AE541C4A,Persistent disintermediate matrices,Samsung,Beauty,530.48,True,2.0,Exist newspaper best floor you buy tonight see it mean bit it.,2026-01-15
A518FA1D,Function-based global utilization,Puma,Books,870.7,False,3.5,Police nation important discuss common dark role ten soon.,2025-05-07
3686F217,Phased non-volatile product,Nike,Home and Kitchen,283.17,True,4.8,Raise bad wide town draw turn team their brother quickly expert.,2026-01-23
E3D4C5E8,Multi-lateral non-volatile challenge,Boat,Electronics,282.95,False,1.2,Memory also community herself beat chair little garden plan thus southern character.,2023-11-21
3947B151,User-friendly intangible collaboration,Puma,Beauty,80.24,False,2.9,Bank current increase simple real later some mind health.,2022-08-14
3FEEE1D2,Focused solution-oriented array,Boat,Home and Kitchen,501.41,True,4.3,Something partner voice quickly boy if image culture.,2022-07-23
33F407D5,Organic eco-centric infrastructure,Boat,Sports,360.83,True,4.8,Leave forward store point may simple owner contain painting finally across.,2022-06-13
92F732AE,Right-sized didactic extranet,Samsung,Beauty,512.26,True,1.8,Employee power difference ready movie development fact.,2020-09-25
D1F35AEC,Multi-tiered client-server model,Apple,Home and Kitchen,682.75,True,3.2,Season prepare wide tonight certain challenge run per computer economic anyone act black.,2023-02-26
1766B8B2,Digitized mission-critical intranet,Sony,Electronics,18.36,True,3.0,Lose fact authority think agree difficult what you.,2025-07-17
F0E2C3D4,Configurable 24/7 monitoring,Boat,Home and Kitchen,419.62,False,3.7,Nor control its loss force American avoid.,2024-03-08
A2766321,Customer-focused dedicated productivity,Boat,Electronics,626.82,True,2.8,Statement PM television lead step real third remember identify because opportunity.,2025-07-24
DF8D931E,Secured fresh-thinking implementation,Nike,Books,371.45,True,3.4,Executive individual decade particular like always weight current bit green other item.,2025-10-12
2A27EFD3,Decentralized stable standardization,Adidas,Fashion,743.77,True,4.0,Two enter rock agree turn draw war key spring.,2025-01-10
09A15CB3,Fully-configurable real-time installation,Nike,Sports,480.41,False,3.6,Human growth boy oil alone however office prevent bring article.,2022-04-24
F63F4EBA,Switchable maximized Internet solution,Apple,Books,605.09,False,2.7,Off southern important chance meet manage run member response.,2024-11-05
D0BE6352,Profit-focused multi-tasking capacity,Boat,Beauty,291.28,False,3.0,Miss people put get energy necessary.,2020-07-14
973C9438,Upgradable system-worthy open architecture,Puma,Electronics,945.34,True,3.7,Discussion majority Democrat war gun language someone maybe choose.,2022-07-19
A44A836B,Persevering encompassing hub,Boat,Sports,219.64,True,3.4,Seek support front various long information fall she might physical blue right money defense.,2020-02-11
3C3136D0,Reduced dedicated synergy,Apple,Fashion,388.24,True,2.6,Treatment Mr note true it art sport race future expert.,2021-06-09
C3E5E812,Advanced next generation policy,Apple,Beauty,131.03,True,4.5,Network deep past since know research right that different.,2022-08-18
E6C8616E,Ergonomic grid-enabled access,Puma,Books,684.66,True,1.5,Hand partner thought discover itself per that firm water.,2024-05-26
6D7D880D,Cross-group optimizing circuit,Nike,Home and Kitchen,266.61,False,1.1,None sure down film important able responsibility bank organization study writer.,2022-09-13
D72653AA,Decentralized contextually-based paradigm,Sony,Books,115.11,False,1.7,Nothing ready even section yeah board want manage speak find station.,2024-12-09
EB055A9F,Extended logistical application,Apple,Books,478.15,True,1.7,Young summer into place these interest goal.,2022-11-17
0C70A03B,Centralized actuating customer loyalty,Samsung,Sports,489.02,True,1.5,During air purpose movement suggest include school.,2024-01-08
9C6F5562,Synergized modular neural-net,Sony,Electronics,658.78,True,1.8,Cause seven explain toward per past all process none.,2020-04-29
CAFC0552,Self-enabling uniform policy,Puma,Electronics,711.61,False,2.5,South scene moment production fly lay step weight better here design.,2025-06-16
70E9C1F9,Profit-focused bottom-line initiative,Samsung,Sports,730.43,True,1.3,Science start Mrs watch garden common vote candidate great trade high level difference.,2025-12-30
76E5D9A4,Optional clear-thinking workforce,Boat,Electronics,60.35,True,2.0,Early how finish Republican catch specific father six fast popular read late.,2022-08-04
2832CE2D,Fully-configurable fresh-thinking flexibility,Nike,Sports,927.11,True,1.5,Production game check task let experience fund no.,2020-05-31
0F4AC2C3,Inverse contextually-based emulation,Nike,Electronics,12.67,False,4.9,Scene statement sort entire let hour vote whatever.,2025-04-29
769CE8E5,Phased responsive software,Puma,Sports,780.04,True,1.3,Decade plan city west tough recognize.,2024-09-13
A18AAADA,Assimilated context-sensitive success,Apple,Electronics,536.68,False,1.6,Win when control card successful Mr leg always.,2022-08-01
675F51D1,Switchable disintermediate success,Nike,Beauty,668.67,False,2.8,Father edge thing action later teacher use college.,2021-01-19
EDF6EE15,Innovative solution-oriented toolset,Boat,Books,887.82,True,4.3,Contain figure degree of long act security sound someone recent traditional concern organization.,2026-01-17
2F7197D0,Inverse leadingedge function,Samsung,Books,305.63,True,1.3,Shoulder radio property under recognize rule PM these resource per would consider.,2021-10-28
3C2C4327,Ameliorated multi-tasking concept,Apple,Sports,694.35,True,1.4,Real machine herself scientist serious develop central.,2025-11-10
C6B04674,Down-sized neutral definition,Adidas,Electronics,603.43,False,3.2,It business determine million treatment then.,2021-11-18
12C31ADB,Function-based hybrid algorithm,Adidas,Home and Kitchen,733.36,True,3.0,Decision better reveal me over remember sound story people outside deep class.,2023-01-25
F1C9BE54,Assimilated explicit infrastructure,Adidas,Beauty,509.01,True,2.4,Great other summer win color money.,2022-02-16
0FBA6561,Versatile maximized service-desk,Boat,Electronics,185.47,True,1.6,Quality hold son performance yard picture service lot white.,2022-07-19
C7A820F9,Distributed 3rdgeneration secured line,Apple,Beauty,376.92,True,1.6,Candidate collection customer similar reflect first would parent continue.,2025-04-10
14E7A6BC,Open-architected even-keeled customer loyalty,Nike,Sports,920.42,True,4.6,Him else might upon ahead buy personal ever measure human.,2024-12-12
66C1DB5B,Future-proofed high-level framework,Boat,Fashion,182.39,True,4.6,Begin not approach always indicate carry appear large picture special.,2025-10-10
FF16A0A1,Reactive mobile middleware,Adidas,Beauty,569.31,True,1.9,Office his particular administration management order weight many billion magazine college.,2025-05-31
677B01EA,Intuitive asymmetric moderator,Nike,Sports,187.56,True,3.3,Among table around those test late road threat rich.,2026-04-20
825FEC48,Synergistic bottom-line project,Apple,Sports,834.3,True,4.9,Trial left together reach prevent follow weight draw lay.,2022-03-20
E28DDF05,Re-engineered logistical productivity,Apple,Books,177.28,True,4.3,Again appear sing policy determine political expect.,2025-08-17
C760F5F5,Business-focused upward-trending methodology,Adidas,Fashion,758.77,True,3.8,Factor success game morning little fine pattern image never animal threat while.,2022-05-22
2B278E40,Extended 3rdgeneration neural-net,Samsung,Fashion,366.59,True,1.9,Reveal degree machine word five move.,2022-01-20
F21D1F69,Future-proofed zero-defect standardization,Nike,Beauty,244.79,True,3.6,Might watch themselves past anyone image stand reveal however computer.,2022-01-25
BE6B7096,Multi-layered foreground groupware,Sony,Sports,44.54,True,1.6,Court hope just upon Mr wife push maybe.,2023-09-27
8ABA4182,Implemented high-level interface,Nike,Beauty,959.56,True,2.7,Seem moment term customer stop church about firm increase seem long.,2023-10-17
82B1C8B5,Open-source executive portal,Samsung,Home and Kitchen,79.91,True,4.2,Son campaign statement guess court cultural decide common citizen.,2025-11-02
31869834,User-centric grid-enabled knowledge user,Sony,Beauty,438.63,True,1.4,Successful throughout nature figure material expect degree why authority team Congress.,2022-01-16
AE8070CE,Seamless zero-defect encoding,Boat,Sports,196.49,True,3.3,Medical industry surface question understand begin which play reason end station give.,2021-07-28
63586C02,Self-enabling holistic collaboration,Nike,Books,857.29,False,4.6,Rate management soldier oil strong politics account wind child red.,2026-02-24
4599A12B,Distributed tangible algorithm,Samsung,Beauty,169.85,True,2.1,Take recent task black seek consider film.,2021-06-29
9B9B8190,Enhanced 4thgeneration contingency,Sony,Sports,301.14,True,4.9,Result talk best common blue medical alone particular yet main four away staff.,2024-02-04
544A04D5,Monitored real-time forecast,Boat,Fashion,324.45,False,3.3,Do just culture time action compare company nor change.,2021-08-22
96C5DA4D,Cross-platform intangible hub,Samsung,Electronics,631.15,True,2.6,Generation put participant physical arm product no.,2023-07-10
F2896EDE,Grass-roots multimedia access,Sony,Books,450.46,False,3.5,Pressure me thing southern fact program provide wait.,2025-01-09
6CCB1115,Cross-platform responsive adapter,Samsung,Fashion,77.87,True,4.0,Institution course situation agreement five nor.,2023-06-13
410B3914,Grass-roots transitional groupware,Sony,Beauty,896.31,True,4.8,Pressure public happy tend moment true.,2022-02-26
588F85F2,Intuitive content-based algorithm,Adidas,Fashion,795.59,True,3.0,Skin chance else age increase son indeed particular get physical.,2022-11-28
7E9D7242,Digitized interactive matrix,Boat,Fashion,929.5,True,3.0,Social cell agency including particularly meet ball rock coach win allow scene.,2024-07-20
BA492DD0,Operative asynchronous hierarchy,Puma,Sports,874.62,True,4.1,Husband meeting fill cause capital series during this beat list fast.,2024-01-05
2C99C5C3,Mandatory bi-directional approach,Sony,Books,867.83,True,2.3,Field simple million reflect understand four.,2025-07-16
11DB6CBC,Cloned multi-state encryption,Nike,Sports,945.13,True,2.2,Leader nation his be well follow smile design fly.,2025-05-01
DD164E72,Persistent local frame,Boat,Sports,79.69,True,4.2,Laugh suggest adult child physical shoulder which song the.,2021-07-29
6A1E6670,Enhanced explicit definition,Samsung,Fashion,344.52,True,2.2,Follow into tonight others carry usually society tree including campaign note leg heart.,2023-04-20
394FA2DA,Cross-group tertiary access,Puma,Books,131.62,False,2.5,Cup it great back picture surface house along seat million glass two.,2020-08-15
88EE8CE4,Face-to-face user-facing intranet,Boat,Books,142.73,True,1.7,Treat accept shake road war strong foot.,2024-07-21
BBF3BC0D,Reverse-engineered multimedia throughput,Apple,Books,508.01,False,2.5,Term anyone place both tax such share.,2022-02-15
54B69645,Cross-platform optimal protocol,Nike,Sports,126.24,True,2.0,Because commercial politics to eight whom concern technology bit easy.,2024-12-02
DEDE1791,Sharable local implementation,Apple,Books,464.36,True,1.7,Place power college almost role east development food local president statement do.,2020-08-07
09753C4F,Networked executive architecture,Boat,Beauty,391.31,True,1.3,International social girl low company thousand state reach stock.,2025-07-29
C21C7096,Multi-channeled transitional algorithm,Nike,Sports,851.49,True,2.2,Attention throughout within thought garden wait.,2022-04-19
7BDC3E7D,Networked analyzing hardware,Adidas,Electronics,332.87,True,2.2,During it black serve service safe her occur trouble professional make relationship.,2024-08-14
C53219F3,Grass-roots logistical benchmark,Sony,Electronics,821.62,True,4.8,Someone picture that they science dream.,2020-08-06
01F15EBE,Secured content-based concept,Nike,Beauty,875.5,True,4.6,Hotel might serious remember write against throw hospital entire house.,2023-10-06
A9979BFB,Streamlined responsive capability,Samsung,Home and Kitchen,810.61,True,1.9,Appear listen number bring best series sort experience.,2023-05-24
8A72B127,Extended bottom-line approach,Puma,Fashion,935.3,False,4.5,Eight physical rest world fill then he.,2020-10-30
C378862A,Exclusive bandwidth-monitored software,Puma,Books,396.76,True,2.9,Interesting today there once behind pass.,2025-03-09
CD6DE98D,Proactive foreground intranet,Boat,Sports,797.86,True,3.0,Address far wife production process no college happy shake store appear wide.,2022-04-28
7DDF5ED1,Synergistic leadingedge hierarchy,Nike,Books,432.35,True,4.0,Pm arm crime need fall police realize magazine far whatever at.,2024-04-17
968A9DD5,Team-oriented intermediate matrix,Samsung,Electronics,313.58,True,3.0,Service hold bar gun including travel amount meeting.,2023-10-15
FE9EC3CE,Managed holistic service-desk,Nike,Beauty,912.75,True,4.8,Film vote chance court company management media own the fight.,2022-10-14
F8D911D9,Upgradable zero administration application,Nike,Books,349.2,True,4.3,Thousand across task pick side method several music draw smile notice.,2024-11-06
0B5D45F1,Phased executive hardware,Boat,Sports,265.95,True,2.0,Show fast under however buy chair difficult performance others.,2020-02-14
46DF018A,Customizable bi-directional productivity,Apple,Electronics,618.78,True,4.9,Media majority official girl debate nothing its rest art well that.,2025-09-11
6CBCA44D,Grass-roots zero-defect circuit,Nike,Fashion,396.38,False,4.3,Produce poor ready wonder create face floor.,2020-10-30
139BBBA5,Horizontal web-enabled core,Sony,Fashion,332.06,True,3.8,Mission act half industry wrong impact actually available something bank dinner available.,2024-07-08
3CBAC73B,Intuitive homogeneous methodology,Boat,Fashion,363.87,True,3.1,Identify difficult strong challenge teacher around.,2022-10-20
A999F88B,De-engineered even-keeled throughput,Adidas,Fashion,738.55,True,4.1,Really training hit popular determine move cell avoid.,2022-01-28
E5EFDE19,Open-source clear-thinking archive,Samsung,Beauty,274.57,True,1.7,Contain impact treat tree public next.,2024-06-12
63F0AAA4,Seamless logistical strategy,Puma,Home and Kitchen,381.22,True,1.8,Money record case create last now young.,2020-02-08
39611307,Diverse client-driven function,Nike,Sports,185.97,True,4.6,Position trial study point big national any.,2021-04-24
4DF266C9,Decentralized mission-critical secured line,Adidas,Books,536.65,False,2.2,Score evidence happy effect market catch.,2024-11-20
580AE77E,Re-engineered high-level concept,Nike,Sports,324.19,True,3.4,Behavior international can leave budget tough perform TV authority law.,2024-01-07
A62A5C45,Sharable hybrid synergy,Adidas,Sports,63.36,True,1.5,Space last third leg political claim.,2024-12-15
5F2C4AD2,Future-proofed holistic system engine,Adidas,Electronics,373.48,False,3.6,Mother shake any ok draw contain.,2021-02-07
26566DB5,Synergized clear-thinking access,Sony,Sports,535.84,True,2.4,Real difficult door per per maybe decision speak she enter hotel.,2026-01-30
C1DF0133,Grass-roots optimizing conglomeration,Nike,Electronics,146.37,True,2.3,Not result either or mind need already participant industry.,2021-08-15
BCA893D4,Intuitive even-keeled productivity,Adidas,Fashion,333.72,True,1.3,Face fall movement green bar in up risk brother.,2020-02-22
5EF8B6A0,Diverse solution-oriented secured line,Samsung,Fashion,761.77,True,2.9,Life citizen type push discover quality option pretty test third treat rock art.,2022-12-01
16EA35B1,Optional full-range groupware,Adidas,Electronics,203.66,True,4.2,Against anyone actually although eat single drive decide.,2020-04-21
1257BB0C,Front-line global intranet,Samsung,Beauty,152.62,True,3.9,Rock arm blue know college do college person difference enough.,2020-06-17
46FD2ECE,Re-contextualized mobile pricing structure,Boat,Home and Kitchen,668.92,True,2.2,Than evening history fund attack together anyone ago agree policy teacher election eat.,2022-02-22
91027565,Persistent intermediate access,Nike,Home and Kitchen,824.23,True,4.8,Indicate ever professor he American their write stop work about best lot company.,2026-02-21
63E989FD,De-engineered transitional implementation,Samsung,Home and Kitchen,193.29,True,4.0,According question maybe describe be decade.,2025-04-13
07EA8562,Grass-roots scalable hardware,Samsung,Fashion,601.25,True,1.1,Both majority film happen old senior hear civil under.,2025-05-31
770234A2,Programmable empowering focus group,Sony,Electronics,516.64,True,2.9,Increase couple your accept our admit learn explain follow world main order pretty father.,2022-06-01
011754AC,Reverse-engineered global Internet solution,Adidas,Books,325.29,True,2.0,Woman law skill when trip knowledge if surface follow money ability.,2020-08-29
4FA61F63,Virtual logistical database,Samsung,Beauty,180.18,True,1.8,Left company home party tax choice center main among opportunity office.,2020-06-26
57025CFC,Managed local pricing structure,Apple,Fashion,699.77,False,3.9,Education along loss series cut born check bit product begin.,2021-09-25
4C82A9C9,Synergistic maximized conglomeration,Sony,Electronics,639.67,True,2.3,Special political impact everything east character dark center character.,2020-07-20
441F72CF,Stand-alone mission-critical task-force,Nike,Sports,336.24,True,1.3,Special thing cell ever think thank action glass really many agency.,2020-04-03
EED66484,User-centric incremental architecture,Adidas,Electronics,266.36,True,2.9,Woman unit wait project pull great maintain easy television soon.,2023-03-03
BAC15AB0,Exclusive human-resource circuit,Puma,Sports,370.19,False,1.1,Include citizen player win behind six.,2020-08-17
7B8C6097,Front-line bandwidth-monitored time-frame,Adidas,Beauty,329.4,True,3.1,Practice door quality become accept level federal.,2023-02-11
8A4AEA04,Mandatory stable initiative,Nike,Books,976.78,True,3.8,Billion out court both scientist majority PM.,2022-11-13
4744EBCB,Multi-channeled background hierarchy,Samsung,Electronics,635.04,True,1.1,Surface tax who me same environmental stay thought factor.,2021-03-30
6DF3057E,Ameliorated non-volatile extranet,Adidas,Sports,819.82,True,2.6,Possible feeling several bill save child it serious.,2025-03-29
E7867D6E,Ergonomic demand-driven matrices,Puma,Electronics,283.69,True,3.6,Look yet carry recent which either tend way life population professional lawyer.,2024-05-19
4EECAA89,Vision-oriented contextually-based hardware,Sony,Books,384.06,True,2.4,May their develop let ten agreement a five drop many itself value process.,2025-01-22
ABBBED3C,Managed intermediate solution,Apple,Fashion,969.65,True,3.3,Control order company people move buy lay hand note.,2024-02-09
D97A3938,Persevering systemic system engine,Boat,Fashion,562.75,True,4.0,Relate range herself successful television feel.,2022-02-07
9A52F219,Mandatory heuristic circuit,Boat,Electronics,443.51,True,3.8,Six police me go response news financial.,2021-01-03
7085C2DD,Quality-focused needs-based budgetary management,Sony,Home and Kitchen,729.99,True,1.9,Represent identify forward middle try party stop record rise.,2023-09-26
070EAD91,Reactive methodical database,Sony,Electronics,420.77,True,1.2,Treatment three despite yes few behind city wear.,2024-12-26
AB23FAE8,Team-oriented discrete matrix,Puma,Beauty,471.73,True,2.3,Full agree appear heavy not culture.,2020-08-06
49000FE3,Intuitive local matrices,Adidas,Home and Kitchen,843.89,True,2.9,Agency value city matter sense you property step.,2021-08-04
8395E96B,Centralized 5thgeneration solution,Adidas,Electronics,291.52,True,4.8,Use century truth necessary toward oil husband let threat she second.,2025-12-03
AFDA8E75,Grass-roots holistic artificial intelligence,Boat,Beauty,11.06,True,4.8,Produce through a everybody get sit.,2023-04-17
DD8ABFC6,Enterprise-wide content-based secured line,Adidas,Sports,225.51,False,3.6,Window argue we less final third production key sit special lose always.,2020-04-05
F607FCD6,Synergized even-keeled alliance,Samsung,Fashion,611.27,True,2.9,Which article explain raise approach seat others wrong paper since system trade able.,2021-04-25
F5788975,Balanced non-volatile attitude,Apple,Books,630.0,True,1.7,List notice around rest age cup speech leg address officer time born.,2020-08-17
95C3DBBD,Configurable hybrid function,Sony,Books,449.43,True,3.4,Discuss assume forget debate later see approach answer.,2020-07-04
C47311B7,Devolved cohesive solution,Boat,Sports,113.76,True,3.0,Total in white do close once.,2026-02-17
5C65165D,Multi-layered uniform success,Nike,Books,234.52,False,4.5,Democrat season his question front a almost send me ball tend hand.,2023-08-01
87EFEB84,Universal 24hour focus group,Puma,Sports,586.71,True,3.4,Its thought almost even want meet option interesting paper maybe by cup.,2024-05-06
F9B9D443,Ameliorated logistical alliance,Nike,Books,920.96,True,3.8,Lay rule possible author call wear central each care.,2023-05-25
5574C978,Decentralized client-server capability,Adidas,Sports,640.76,False,2.4,Another offer job every Mrs let worker summer.,2025-01-02
97B5EF2A,Future-proofed analyzing product,Nike,Electronics,263.96,True,1.1,Professional camera minute new fall movement.,2022-04-03
C86C6E5E,Streamlined zero tolerance policy,Boat,Fashion,658.26,False,2.4,Suddenly million data detail pick throughout pattern.,2024-03-10
51CEF139,Centralized dynamic initiative,Puma,Electronics,648.65,True,1.2,Those push three fill around continue plant.,2023-09-17
E35AF85D,Inverse composite extranet,Adidas,Home and Kitchen,45.68,True,2.4,Positive middle single goal raise star picture bad eat itself among art.,2023-03-04
24D2AC09,Advanced local access,Apple,Fashion,897.84,True,3.5,Brother long rise class feel road life.,2022-07-24
0C2EAFEA,Cross-group non-volatile time-frame,Apple,Books,931.95,False,1.8,Identify or head in politics Mr phone learn weight.,2023-12-25
4FF8CB89,Function-based 6thgeneration middleware,Sony,Books,526.47,True,2.5,Guess sister board film degree recent.,2021-09-04
036A7CDB,Down-sized secondary conglomeration,Adidas,Sports,343.5,True,4.2,Easy man office state boy hair.,2022-12-26
6DB4D06B,Triple-buffered needs-based open system,Puma,Home and Kitchen,400.52,True,4.5,Left across here whole current good sort.,2021-01-23
63A45522,Exclusive disintermediate archive,Nike,Fashion,344.89,False,1.2,Word at last economic fund through have special news.,2024-12-22
251DF009,Reverse-engineered holistic leverage,Apple,Beauty,184.98,True,3.1,Single control foot health last concern foreign very happy practice seek those.,2022-08-16
E68F64BB,Robust 4thgeneration secured line,Nike,Sports,554.79,True,4.9,As soldier than class throw yet.,2024-11-07
61FC5AE8,Multi-lateral cohesive artificial intelligence,Samsung,Electronics,434.52,True,2.8,Everyone prepare report town character arm information might apply.,2025-05-20
A6A589B6,Profound interactive analyzer,Apple,Home and Kitchen,112.6,True,1.7,Fine Democrat lay left deal give bit eye well.,2024-10-31
E5F4907D,Secured fresh-thinking toolset,Adidas,Books,989.81,True,1.4,Race itself process protect among per road true something would.,2020-10-13
3B54AE1B,Fundamental clear-thinking middleware,Boat,Books,327.49,True,2.4,Show professional hair reveal enough attention various remember former question.,2024-10-01
10F5C11C,Versatile neutral parallelism,Adidas,Beauty,652.61,True,1.9,Leg teach human food tax poor same break could run order fire.,2024-12-18
0102C571,Decentralized maximized hardware,Adidas,Home and Kitchen,686.32,True,4.6,Recently join hear artist per near financial often debate remain federal.,2021-07-19
D9D97E7E,Adaptive bandwidth-monitored attitude,Apple,Electronics,231.41,True,2.8,True sure ability tough start weight yet color board foot mother.,2020-08-21
978E84CB,Virtual real-time forecast,Boat,Books,71.35,True,4.3,Ask boy degree suggest grow learn.,2024-10-27
FF85EF4A,Self-enabling well-modulated strategy,Boat,Fashion,874.96,True,4.7,Themselves believe also month drop huge discover first per subject against prevent along.,2026-03-29
5490DC2D,Front-line holistic process improvement,Samsung,Beauty,572.25,True,4.0,Focus not serious fight make brother opportunity pick instead.,2025-03-20
BB17CE94,Virtual reciprocal product,Sony,Beauty,119.26,True,2.1,Couple well board become either whether last including how.,2022-02-12
BB595EF1,Enhanced holistic solution,Apple,Beauty,62.94,True,3.2,Might tough hotel data if fund whole attention change now.,2023-03-19
402917C4,Centralized analyzing contingency,Adidas,Sports,404.62,True,2.5,Get season throw open offer mention we each full list place industry oil.,2021-12-24
8BEBCB4B,Streamlined client-server frame,Nike,Beauty,537.6,True,3.8,Reduce task middle return forget issue apply night prove where simple yes.,2022-10-25
79E8FD7B,Integrated coherent interface,Apple,Books,924.76,True,3.5,Conference city daughter agency challenge difficult arrive mouth reveal both car.,2023-05-18
C02B5687,Balanced tertiary conglomeration,Puma,Beauty,319.09,True,2.9,As trip grow a speech none bad stay society condition community spend.,2022-12-05
DBFEF01B,Expanded national core,Adidas,Fashion,137.18,True,4.9,Beautiful career make air material follow onto position heavy government pretty.,2023-01-21
F5E959F2,Focused logistical methodology,Boat,Books,614.8,False,2.0,Pick charge bar most man present room their son radio.,2020-11-23
1A2A5762,Secured real-time project,Nike,Fashion,852.56,True,3.6,Information necessary picture until skin authority but case.,2025-04-02
D9935189,Compatible demand-driven frame,Adidas,Beauty,737.12,True,4.3,Lead especially skin cover wall statement phone thousand nice goal.,2023-10-04
BD1C3C51,Compatible directional challenge,Nike,Home and Kitchen,74.88,True,3.3,Magazine business seek education board draw technology song begin.,2024-08-01
8909FC35,Extended incremental success,Puma,Electronics,177.47,True,1.9,Fund nation past go point mention admit.,2024-06-17
9EE7C806,De-engineered object-oriented database,Adidas,Fashion,492.33,True,1.1,Receive manage friend single country impact standard nice name.,2025-02-26
78583332,Operative context-sensitive forecast,Adidas,Books,194.4,True,4.3,View will defense provide knowledge seem.,2025-07-17
C2FC172C,Upgradable homogeneous synergy,Apple,Beauty,928.19,True,2.9,Stuff those think not green stock ready operation.,2024-04-03
1721487F,Reduced leadingedge knowledge user,Sony,Fashion,96.29,True,2.2,Help control ask value imagine form national shake.,2024-03-16
C9DE643E,Monitored fresh-thinking architecture,Boat,Electronics,465.06,True,3.8,Able standard history soon source change peace through performance see.,2021-09-08
2D2BA93B,Re-contextualized grid-enabled flexibility,Nike,Fashion,146.97,True,1.2,Door son successful light reach late agency note thing imagine.,2025-01-29
821DBF26,Future-proofed dedicated toolset,Samsung,Books,369.04,True,2.3,Field quickly spend early pretty marriage.,2021-04-08
D8D36080,Open-source systematic middleware,Apple,Sports,932.57,True,2.9,Rule poor special possible learn use role.,2024-09-20
C8635D20,Centralized bottom-line pricing structure,Nike,Beauty,665.56,False,2.7,Make thought charge lose score occur.,2026-04-23
193C9DF1,Self-enabling tertiary forecast,Sony,Electronics,235.6,False,1.0,Common level gun nice pay stuff worker little property open.,2026-04-04
26037757,Switchable heuristic leverage,Adidas,Electronics,976.54,True,3.4,Mean specific mention lawyer base them.,2024-02-19
34E898B6,Universal next generation matrix,Samsung,Beauty,708.09,True,4.4,Campaign sing view hit exactly stand wonder about inside medical house.,2021-12-27
16BCF1D1,Innovative attitude-oriented capacity,Sony,Sports,103.2,True,1.0,Design and themselves look set anything tell sound.,2021-01-18
BEA74427,Balanced scalable analyzer,Boat,Electronics,608.2,True,4.7,Charge who form theory federal cover technology far question reflect morning interview.,2021-11-13
07CE5A47,Public-key coherent complexity,Puma,Beauty,354.22,True,4.1,Do meet agency event series color if always tend record.,2026-04-04
940D3B9E,Customer-focused maximized strategy,Sony,Fashion,62.87,False,3.1,Entire hospital pull view study want.,2022-01-24
2589E84D,Managed tertiary approach,Samsung,Home and Kitchen,256.12,False,4.1,Size sound article information create get some something alone half hear owner even.,2020-07-15
49918C7F,Reduced fault-tolerant productivity,Nike,Sports,879.02,True,3.4,Something hear wide present everyone hand people kind near page.,2025-11-05
21E9401F,Multi-tiered impactful strategy,Apple,Home and Kitchen,850.45,True,2.9,Would mind ever bad score treat drop natural.,2024-10-03
2F1A7A4A,Integrated systematic neural-net,Samsung,Home and Kitchen,107.27,True,2.9,Town doctor stuff approach point rate end theory reality another discuss present whom.,2025-08-28
8C434D09,Reverse-engineered well-modulated firmware,Nike,Home and Kitchen,189.21,True,4.1,Democratic consumer game level another pressure blood indeed a explain language.,2021-05-05
09B2354A,Innovative optimizing conglomeration,Adidas,Electronics,343.86,True,3.4,Pick black college understand song Congress second character drug.,2021-05-16
5851DC6D,Cross-platform client-server policy,Boat,Books,552.31,True,3.4,Realize year and hand seven president hit yeah.,2020-05-22
5723BA7D,Inverse 5thgeneration monitoring,Puma,Fashion,352.34,True,1.5,Whether begin spend citizen million offer for price teach rest where everybody.,2021-12-23
F8F028A8,Versatile interactive focus group,Sony,Fashion,415.19,True,3.4,Join election hard law check strategy of.,2021-11-20
132BC6AD,Public-key web-enabled methodology,Sony,Sports,897.95,True,1.5,Meeting home maybe beautiful special people stop stock plan black.,2023-12-29
95BB6B9F,Future-proofed exuding website,Samsung,Electronics,446.78,True,3.4,Thank until chance third hair director.,2022-04-16
6C654DDE,Centralized asynchronous structure,Nike,Electronics,217.23,False,3.5,School believe true main ten before.,2020-02-11
9AB15152,Realigned intangible archive,Apple,Sports,882.9,False,4.2,Attention network instead Congress budget remain fund standard someone thought present.,2022-04-27
3214637E,Seamless cohesive firmware,Puma,Home and Kitchen,806.36,True,4.7,So surface early contain finally apply if.,2020-05-01
2BED03CD,Assimilated object-oriented matrix,Nike,Beauty,301.59,True,3.4,Term into another today form apply teach go pull more issue describe actually.,2025-02-12
73098039,Cloned multi-tasking encryption,Samsung,Beauty,842.69,True,2.6,Result spend article discussion arrive nor effect.,2025-07-30
4FD64741,Upgradable heuristic superstructure,Boat,Books,533.28,True,3.1,Keep save difference keep nation build land.,2022-09-11
43103D07,Grass-roots empowering system engine,Samsung,Sports,948.27,True,2.4,Language change clear marriage light whatever main assume area camera federal might according.,2024-06-18
935F55CB,Up-sized reciprocal database,Sony,Sports,385.59,True,3.4,Lead war religious collection attention office remain visit serve.,2021-11-27
3D0727F8,User-centric fresh-thinking customer loyalty,Puma,Beauty,680.2,True,2.0,Exist media fast before along community yes learn wind loss represent.,2022-05-21
A9E734F8,Persistent empowering help-desk,Apple,Home and Kitchen,388.16,True,4.5,Let process strong few control remain though fire.,2025-10-25
FB9982AC,Decentralized impactful product,Samsung,Sports,74.75,True,4.7,Production arrive rise hospital actually recognize find happen alone again until.,2024-05-14
CE009C3F,Visionary neutral standardization,Boat,Beauty,591.07,True,1.6,Option after feel agency police third truth reality tree theory north music.,2020-12-15
20A58073,Customer-focused full-range secured line,Samsung,Books,794.79,True,3.8,Learn although fear early painting call himself model hit interesting best full oil.,2025-01-28
EB823C67,Optional 5thgeneration system engine,Boat,Sports,753.38,True,2.9,Interesting perhaps student administration return perhaps natural anything region war half reality.,2022-07-05
17F137BD,Synchronized bifurcated software,Adidas,Home and Kitchen,63.13,True,4.2,Call bit respond senior level audience.,2020-02-07
FAF6E7B6,Universal needs-based matrix,Puma,Electronics,132.44,True,2.5,Program stock sea deep power soon cell like exist draw.,2021-04-14
1B669C48,Customizable secondary frame,Boat,Home and Kitchen,770.04,True,2.8,And method travel start stock describe.,2025-12-23
D199E41F,Multi-tiered encompassing architecture,Puma,Electronics,344.57,False,2.0,Experience send tell interest weight current throw could role.,2025-11-17
42E62075,Integrated methodical matrices,Apple,Fashion,154.5,False,1.8,Light describe meeting official well such like director suffer between.,2022-06-06
DFD56378,User-friendly needs-based data-warehouse,Adidas,Sports,409.9,True,3.4,Like and attention certain reflect four team.,2021-01-13
9E9D6695,Diverse eco-centric intranet,Samsung,Electronics,880.82,True,2.1,Image success of describe sit popular war finally hundred that.,2021-03-07
B2A1C144,Diverse full-range capability,Sony,Sports,442.03,True,2.5,Cell teacher follow ten increase bank firm learn environment market young interest quickly.,2020-03-06
C4B842C9,Customizable systematic hardware,Nike,Home and Kitchen,75.33,True,3.3,American nation sense nation let everyone room.,2026-02-12
9E7B88F4,Persistent empowering neural-net,Apple,Electronics,765.05,True,1.6,New month thousand board during quite front could low compare laugh education base figure.,2022-06-12
C471F958,Up-sized disintermediate standardization,Nike,Sports,509.36,False,4.4,Hotel that laugh policy final war pass relationship country theory difference.,2025-10-22
87F1157D,Profound 24hour time-frame,Sony,Home and Kitchen,894.47,True,3.3,Avoid consider everything service board civil from man serve wonder.,2023-09-28
FD15CB7A,Inverse non-volatile attitude,Samsung,Home and Kitchen,224.07,False,1.7,Edge girl official remain this structure major ten guy attack poor fast.,2021-02-19
5EC1563B,Configurable high-level access,Samsung,Beauty,158.52,True,2.0,Total task exist this administration energy agree approach require.,2022-04-04
195029CB,Centralized 4thgeneration array,Sony,Sports,728.19,False,4.6,You southern moment represent small director reflect ago medical.,2021-01-23
06A62447,Face-to-face hybrid complexity,Apple,Books,625.33,True,1.0,Everything individual three together resource speech start summer science evidence police majority.,2021-08-08
C85B8105,Secured bi-directional benchmark,Samsung,Electronics,12.41,True,3.8,Truth law least consumer here continue trip stay partner child group listen.,2021-01-04
E05B2726,Synergistic responsive definition,Puma,Home and Kitchen,330.89,True,1.8,Couple stuff go language foreign Mrs.,2024-06-11
2339FF90,Right-sized impactful firmware,Boat,Electronics,766.33,True,1.6,Argue sort chance argue begin ball marriage.,2023-02-09
D660CEBF,Re-engineered upward-trending model,Sony,Fashion,497.73,True,4.3,Letter attorney fact politics concern allow food.,2025-05-04
281BBB9C,Universal directional paradigm,Boat,Sports,640.27,True,4.0,Wait interest believe executive hold also yet reduce technology century beautiful magazine writer.,2023-01-19
6421FD08,Integrated well-modulated process improvement,Puma,Books,657.77,True,4.7,Speech recognize people follow president fly board compare mission.,2026-01-28
991225EF,Virtual 4thgeneration matrices,Boat,Sports,327.6,True,4.9,Building player protect economy adult whatever important kitchen.,2023-03-14
80512AC8,Total solution-oriented portal,Boat,Electronics,70.73,True,3.8,How whose art animal support even admit size far provide go red.,2021-07-10
D5128B90,Vision-oriented optimal framework,Puma,Books,492.31,True,1.9,Arm baby firm watch morning cause indicate leave.,2020-01-13
2213B370,Extended disintermediate software,Apple,Beauty,735.58,True,4.2,Strong loss real because even body consumer author.,2025-04-02
2C905381,Realigned uniform task-force,Apple,Fashion,421.56,True,4.7,Expect woman short clearly onto ready range while fill.,2023-05-21
3B77580F,Multi-lateral reciprocal infrastructure,Nike,Electronics,730.32,True,2.0,Too program difference still final seek especially suffer game perform success.,2022-07-17
87AE5D9F,Reduced secondary adapter,Apple,Sports,723.73,True,4.2,Cut fear soon lawyer power set available music middle why right charge.,2020-12-21
8054F749,Ameliorated zero tolerance data-warehouse,Adidas,Beauty,995.56,True,2.7,Yes raise popular tell near care audience theory career behind phone religious.,2022-05-26
CB75C414,Multi-tiered actuating hardware,Apple,Fashion,938.78,True,1.1,Suddenly lose huge doctor budget mother possible sign until serious your.,2023-10-01
345FE5EF,Public-key real-time throughput,Boat,Books,63.49,True,3.5,Need production mission agreement myself read firm value adult ok exactly that expect.,2020-06-30
3CB86892,Multi-tiered impactful leverage,Sony,Books,298.15,True,4.2,Plan information lay positive attorney worker bit three.,2026-01-31
06269388,Enhanced upward-trending access,Puma,Sports,181.3,True,3.4,Design join likely determine system cold message something power last shake must.,2020-12-10
5398D04C,Polarized composite projection,Boat,Electronics,268.98,True,3.7,Between marriage clear born every popular task popular garden event until.,2024-02-16
E52064ED,Organized value-added installation,Apple,Books,252.32,False,1.5,Three page offer chance truth simply dark test all.,2021-03-29
F63B65A1,Profit-focused modular project,Sony,Home and Kitchen,806.07,True,2.1,Age could knowledge writer chair enjoy movie glass candidate get voice.,2021-04-05
CFFFB376,Seamless clear-thinking functionalities,Sony,Electronics,234.72,True,4.9,Party style environment million director loss debate security upon up cold community certain.,2025-06-24
914D847C,Down-sized motivating Graphic Interface,Sony,Books,212.5,True,3.7,Commercial meet game then price else try interest.,2024-01-05
9CDDE046,Polarized dedicated orchestration,Adidas,Books,391.15,False,1.8,Really send activity media action show special position above stuff a tax international.,2023-07-20
47FF6965,Down-sized mobile collaboration,Adidas,Home and Kitchen,400.4,False,2.2,Have source within music keep land personal decide himself.,2022-04-06
CD07659A,Sharable intermediate project,Boat,Beauty,671.27,True,2.2,Simply effort different fill quickly brother.,2021-11-14
BAF4C6FC,Cross-group 3rdgeneration migration,Nike,Sports,144.52,True,3.4,Morning firm huge tonight factor apply manager.,2022-11-29
AB451A72,Inverse client-driven standardization,Boat,Beauty,348.21,True,4.3,Choice character believe age across improve time data total one option.,2021-03-02
31603A02,Optional contextually-based frame,Boat,Books,864.73,True,1.3,Gun end enter no radio west view.,2021-06-01
24908DD7,Fundamental 3rdgeneration forecast,Samsung,Beauty,130.52,True,4.1,Throw budget difficult everyone mention together whether newspaper success soon successful maybe citizen summer.,2020-07-16
C20A7B4D,Monitored fault-tolerant productivity,Boat,Fashion,195.54,True,4.1,Light black role high stock business education game true.,2020-04-20
83A82BFF,Virtual eco-centric complexity,Apple,Electronics,296.19,False,2.4,Professor tree amount owner why debate.,2024-01-07
08B7C7BA,Grass-roots even-keeled Graphic Interface,Puma,Beauty,663.23,True,2.2,Rule knowledge because sit response before leave hear kid strategy kind tree.,2020-03-31
78A1ED87,Synergized transitional knowledgebase,Apple,Fashion,900.99,True,3.1,Ground bank stock bag her everybody inside cover price all.,2020-05-09
194BDDEC,Reduced asymmetric project,Boat,Beauty,299.39,True,4.0,Loss life explain next their scientist position article.,2021-06-08
3684579D,Ameliorated bandwidth-monitored flexibility,Sony,Books,387.02,False,1.4,With act will skill that deal machine during beautiful impact former concern.,2024-10-07
CCDDBBBE,Exclusive multi-state structure,Boat,Sports,900.55,True,2.3,Remember fall free method who medical join defense president might western again she.,2024-07-15
4F521F35,Balanced executive time-frame,Samsung,Books,390.12,True,4.7,Thought among direction another management face operation many far interest buy subject.,2020-12-23
EDF91E4A,Multi-layered secondary process improvement,Adidas,Sports,566.49,True,4.4,Per direction public change draw shake type key eight air.,2020-08-14
17266C0C,User-friendly demand-driven matrices,Adidas,Beauty,921.19,False,4.6,And benefit thought degree statement ten.,2022-02-13
379CB2CD,User-centric systematic system engine,Puma,Home and Kitchen,116.25,True,2.1,Four left decade state military owner consider would even will.,2025-10-02
5EB4C80C,Fully-configurable systematic knowledgebase,Apple,Fashion,221.42,True,1.2,Nor someone and operation Congress record short because admit recognize consider involve.,2023-11-13
B695E2E6,Front-line static strategy,Boat,Home and Kitchen,726.18,True,2.7,Strategy or return low plan store site audience ground risk alone her.,2025-02-13
88E2BF20,Streamlined non-volatile emulation,Nike,Electronics,709.91,True,4.8,Create actually loss TV my meet method.,2022-04-03
FDE01F08,Implemented fresh-thinking product,Sony,Electronics,699.13,True,5.0,Another half unit evidence black citizen paper scientist choose ahead must offer.,2020-07-21
4EF65EC8,Synergistic regional customer loyalty,Nike,Beauty,725.44,True,1.6,Unit work media argue today participant.,2020-08-16
BA3D7785,Fully-configurable optimizing toolset,Boat,Home and Kitchen,63.65,True,4.5,Such million person born memory three tend nation team.,2025-03-09
A06FCF5E,Right-sized fault-tolerant function,Puma,Books,542.73,True,2.2,Outside around course chair like next heavy Republican human.,2024-02-01
847C4AC2,Fully-configurable needs-based moderator,Samsung,Books,96.86,True,4.1,Save specific event late perform go eight maybe because.,2023-03-01
10C25F37,Realigned tangible intranet,Boat,Beauty,646.98,False,2.0,Yourself Mr treat man apply fall.,2024-02-26
27B33615,Cloned radical knowledgebase,Sony,Beauty,868.62,True,4.7,Natural allow why institution most eight send discover very arrive at.,2024-03-20
DA6E9678,Organized optimal moderator,Nike,Books,826.77,True,2.5,Job recent available parent whatever paper teach through she father score.,2022-11-29
DB8EA05A,Self-enabling real-time migration,Adidas,Sports,872.64,True,3.0,Mouth pretty when also be scene thing foreign charge.,2022-10-16
7671118A,Enhanced secondary throughput,Samsung,Home and Kitchen,990.37,True,3.3,Road you eye difference my remain.,2024-04-10
D827DCA1,Persistent optimal alliance,Apple,Home and Kitchen,59.85,True,2.0,Color cultural certain begin article class space dinner act.,2021-11-27
709965DC,Customer-focused non-volatile attitude,Sony,Fashion,225.05,True,3.2,Mission put travel education stuff professional none beautiful how environmental recognize I.,2022-03-22
A4E6C340,Configurable multimedia knowledgebase,Puma,Electronics,583.01,True,3.6,Watch house against agent kitchen Mr employee occur mean.,2020-11-03
4EC70E09,Re-engineered tertiary superstructure,Puma,Sports,859.12,True,2.7,Provide improve imagine fast letter strategy threat policy five edge issue mind choice.,2022-08-11
5109BB72,Future-proofed solution-oriented groupware,Sony,Electronics,534.06,True,3.8,Field fall pull marriage space since close know my commercial.,2024-08-21
5F75D44A,Visionary clear-thinking synergy,Sony,Fashion,447.2,False,4.0,Imagine design keep glass common economy arrive plan place fine gun husband charge.,2020-12-30
21DEA267,Reactive didactic contingency,Sony,Electronics,398.31,True,4.1,Administration reality car doctor half its peace.,2024-05-23
6CCB0295,Face-to-face zero-defect utilization,Sony,Sports,289.08,True,1.6,Religious wear risk claim research billion.,2024-04-25
0A2B1515,Enterprise-wide directional leverage,Puma,Beauty,341.44,True,4.6,Seek million where education party machine table break.,2023-03-10
031A0540,Upgradable incremental function,Apple,Sports,622.81,True,3.2,Congress hundred century degree class during last.,2024-09-13
13E0A017,User-friendly client-driven complexity,Adidas,Beauty,538.57,True,4.6,Three drop strategy lot several add dream church fact about thank with.,2023-10-29
1073B3A5,Synergistic grid-enabled groupware,Adidas,Home and Kitchen,933.91,True,1.9,Policy offer there commercial say minute less.,2026-01-04
2AE375D9,Exclusive intermediate algorithm,Puma,Electronics,750.29,True,1.7,May student thought suffer subject how kind everybody feeling often growth.,2021-01-26
85201025,Organized scalable artificial intelligence,Sony,Electronics,572.73,False,1.7,Serious meeting well continue list grow dog none describe.,2024-11-18
46FFDFE5,Multi-channeled grid-enabled infrastructure,Puma,Home and Kitchen,731.72,False,1.9,Artist teach young popular street news near down visit identify tree weight find will.,2023-04-03
09B209A4,Versatile bottom-line core,Boat,Fashion,579.45,True,1.1,Move indeed look impact return plan spring image own account plan several student.,2022-09-04
3A7B16C0,Upgradable coherent extranet,Samsung,Books,693.26,False,2.5,Billion job result head how certainly.,2024-10-11
FE89FEA3,Team-oriented analyzing productivity,Apple,Electronics,707.07,True,1.8,Though mouth represent student financial black white.,2021-01-26
BE5105C7,Polarized tertiary initiative,Samsung,Home and Kitchen,490.9,True,4.1,Leave at blood care consumer reality role person ever team together report.,2023-10-20
E9B00DDA,Re-contextualized discrete moratorium,Adidas,Beauty,360.06,True,4.4,Present say everybody claim message themselves life matter quickly fall player ago himself.,2021-12-04
5E0F21BB,Focused needs-based challenge,Adidas,Fashion,875.2,False,4.9,Left population myself well manager be pretty other I head shoulder certainly.,2022-09-06
D5F9ECBB,Cross-group uniform workforce,Boat,Sports,92.7,True,2.1,Compare ready future could example will place.,2020-12-27
BF332B9C,Advanced neutral approach,Sony,Fashion,43.18,True,2.6,Deep three go energy officer environment quite century government attention change crime enough must.,2025-02-25
88B80FB7,Multi-lateral 6thgeneration conglomeration,Nike,Books,187.77,True,4.8,Under strong fight debate participant very source.,2026-04-08
F52D10C8,Intuitive secondary ability,Apple,Fashion,157.45,True,4.1,Girl take push modern everything way.,2021-09-20
A084B96E,Horizontal bi-directional ability,Sony,Beauty,596.27,True,2.2,Argue stage rule former admit policy performance decision little.,2022-03-31
B3E0E3E2,Ergonomic incremental architecture,Apple,Electronics,614.9,True,2.0,Magazine as human feel generation especially.,2023-04-22
71E660AF,Realigned reciprocal policy,Boat,Electronics,948.29,True,4.8,Goal scientist million next end again whose strong word require.,2025-10-08
3B1D9EC1,Focused directional flexibility,Samsung,Books,71.89,True,3.5,Side control purpose large determine travel sure international here listen.,2022-05-13
F1018133,Synchronized multi-tasking process improvement,Apple,Electronics,817.74,False,2.2,Road yeah foreign build writer plan arrive push memory this media.,2024-10-09
BD2D5744,Balanced logistical attitude,Apple,Sports,554.11,False,1.1,Laugh watch life such loss society agreement.,2021-01-02
B9FCEC54,Enhanced attitude-oriented open architecture,Sony,Electronics,495.46,True,3.9,Part and have save fact place well.,2020-12-23
CF2EE5A0,Upgradable global hierarchy,Puma,Books,154.12,True,2.8,Somebody while no final push series time administration again another.,2025-10-03
46E38A48,Self-enabling foreground instruction set,Puma,Sports,456.13,True,3.3,Police commercial past statement support hit party through person try large hour.,2023-11-13
D9BD44BB,Proactive incremental analyzer,Apple,Electronics,42.95,True,2.5,Already challenge able interview or total politics one even.,2023-07-24
B1B7206E,Configurable 4thgeneration instruction set,Samsung,Electronics,881.8,True,1.9,Whether investment join no act media benefit American either serve.,2024-02-08
D9D3D152,Implemented discrete groupware,Samsung,Electronics,789.36,True,3.6,Herself particularly message study source claim whom lot people report audience administration son.,2022-06-23
EF0576E1,Digitized disintermediate hub,Samsung,Sports,503.57,False,2.5,Sing new yet game draw yeah amount those care deep some.,2021-08-23
7A13E6C9,Synchronized dedicated encryption,Puma,Books,876.03,True,4.2,Of blue surface consumer war receive.,2024-12-29
ABF7D3D9,Centralized optimal alliance,Boat,Electronics,473.5,True,2.0,Month success imagine pay thank peace focus begin focus ahead training onto perform.,2020-11-16
16938147,Synchronized uniform ability,Boat,Electronics,921.94,False,2.0,Safe left boy audience authority heart road wife suggest.,2022-08-27
F6F02C10,Ergonomic holistic function,Apple,Home and Kitchen,901.59,False,2.8,Present different strategy single sound serious seven lose night occur individual water.,2023-12-16
6E4C9869,Implemented high-level budgetary management,Boat,Sports,522.37,True,2.2,Break care partner sit figure again.,2022-03-13
545E03DA,Ameliorated user-facing analyzer,Adidas,Beauty,759.75,True,1.3,Environment important well back mind move hard behavior edge two exist movie.,2020-05-25
5E5B88A3,Right-sized clear-thinking open architecture,Nike,Home and Kitchen,960.46,True,4.3,Hear according sometimes same new his senior involve country great.,2022-10-29
31ABCC24,Future-proofed responsive hierarchy,Samsung,Beauty,453.12,False,1.5,Blue big air item assume away single like affect.,2022-03-08
010D05C7,Secured composite concept,Puma,Home and Kitchen,870.95,True,2.8,Almost voice change them the may into tax compare six.,2026-03-29
808FDCE7,Managed even-keeled implementation,Nike,Home and Kitchen,99.14,False,2.1,Close house often sure then heavy yes ago.,2024-08-23
83450EF8,Function-based web-enabled frame,Nike,Home and Kitchen,306.62,True,4.1,Since nature culture two artist point box carry television painting speak cause capital.,2024-10-27
BC27872D,Exclusive bandwidth-monitored hub,Apple,Home and Kitchen,136.62,True,3.4,Eye both customer own inside idea deal staff could number notice item.,2021-10-08
87DD35BD,Reduced 24/7 analyzer,Samsung,Books,54.36,True,3.5,Say once song cover stuff act.,2020-01-09
63C37DA0,Managed web-enabled moderator,Nike,Sports,392.34,True,2.0,Itself professional woman morning hotel style energy relationship raise gas property type however.,2020-12-11
0418F40D,Streamlined asymmetric middleware,Samsung,Home and Kitchen,423.59,False,3.3,Exist oil table reveal laugh off side.,2021-06-16
85D3B878,Secured next generation artificial intelligence,Samsung,Books,304.37,True,4.5,Material available surface perform guess modern say happy smile character wide reveal send.,2023-06-26
416983DD,Enhanced object-oriented Graphical User Interface,Sony,Electronics,618.25,True,1.4,Describe story rate trial speak agency item many design respond similar firm most.,2026-01-16
CFAC40D2,Customizable eco-centric hub,Sony,Sports,200.21,False,3.5,Billion agreement investment hard decide marriage suggest face against explain some story later.,2025-01-12
4AEFFA0C,Networked dynamic system engine,Adidas,Home and Kitchen,882.67,False,1.3,Beyond foot movie property leave car great team.,2024-01-28
8FAE0C1A,Right-sized encompassing orchestration,Adidas,Fashion,501.46,False,4.5,Establish stage parent born mission doctor.,2021-12-23
DC143C8B,Phased secondary strategy,Puma,Beauty,855.85,True,3.4,Full ever rock ask enjoy people institution agree do.,2021-08-04
11FB1E48,Ameliorated intermediate hub,Sony,Fashion,178.56,True,1.4,Me analysis involve thought military fish note bar him would.,2026-04-27
5E2840CD,Organized homogeneous open architecture,Sony,Beauty,755.77,True,1.8,Trouble picture Democrat remember tough marriage discussion church each.,2020-07-27
318E1D36,Ergonomic bifurcated Graphical User Interface,Sony,Sports,365.46,True,1.5,Research out discuss subject no crime partner difference him.,2020-11-24
42B51601,Phased clear-thinking secured line,Adidas,Beauty,723.07,True,1.8,Smile responsibility cause impact later never number.,2020-12-27
9F2D9C98,Programmable scalable toolset,Adidas,Fashion,440.53,True,1.6,Issue across drug serious tree doctor would concern she of garden onto.,2023-05-30
64A9C9A5,Secured content-based structure,Samsung,Fashion,107.22,False,4.2,Hand wish professor expert job coach which nor test today shoulder forget case.,2021-08-22
FFC1E02D,Robust homogeneous conglomeration,Nike,Fashion,986.16,False,2.1,Describe administration positive recently our forward culture half.,2021-04-13
116B02A0,Fundamental incremental Internet solution,Boat,Home and Kitchen,33.72,False,2.6,Building event single visit next style hour from whom environment over most per.,2025-02-17
E0814E17,Expanded composite pricing structure,Samsung,Sports,962.03,True,2.1,Stay national with couple together form machine with candidate bank director.,2026-03-15
BA178A60,Cloned systematic utilization,Puma,Sports,992.72,True,1.0,Same hear beat modern full a land.,2025-05-02
9EBB25FF,Mandatory disintermediate encoding,Samsung,Fashion,252.8,True,4.8,Wear including become attention recent choice collection.,2022-06-05
0B5E418F,Innovative scalable forecast,Boat,Books,777.86,True,4.0,Impact against experience pattern article special perhaps part child administration somebody authority few.,2020-07-04
9DE32866,Stand-alone 6thgeneration migration,Nike,Fashion,161.64,True,4.0,Vote best Democrat research magazine music.,2025-05-21
34F629EE,Integrated client-server infrastructure,Samsung,Electronics,307.88,True,3.5,Day able short science grow effort before pull their treat.,2026-03-09
7F473376,User-centric asynchronous migration,Samsung,Sports,608.43,True,1.4,Even cost suggest throw expect local arm that successful mouth young similar.,2020-09-13
D82BA326,Realigned asymmetric workforce,Samsung,Beauty,909.83,True,2.4,Almost could million always letter gas.,2022-10-28
664003C3,Persistent solution-oriented circuit,Boat,Beauty,540.57,True,1.6,Bank authority several fire yourself able rise include idea bring onto bad benefit.,2024-09-25
A76B027E,Total mission-critical capacity,Sony,Beauty,175.16,False,1.4,Action everyone remain various guy day foreign inside.,2020-05-02
9652E189,Synergized needs-based architecture,Sony,Books,620.22,True,3.5,Property present describe company these order reality central teach.,2022-04-26
A0DD655C,Fully-configurable 24/7 Local Area Network,Apple,Books,622.47,True,4.5,Itself great blood sign remain author push occur anything series low.,2022-10-04
12BF9D09,Networked stable throughput,Nike,Fashion,151.56,True,3.3,Land police give window respond task drive.,2020-06-14
FD826CA5,Re-engineered 3rdgeneration budgetary management,Adidas,Sports,165.26,True,3.5,Especially short offer between cultural teacher charge her bit name.,2021-10-22
A58360A9,Exclusive well-modulated portal,Apple,Home and Kitchen,932.61,True,2.9,Movement system class by away claim sign rock simple.,2024-08-03
D2E85105,Implemented regional Local Area Network,Puma,Home and Kitchen,819.35,True,1.3,Prove TV wide friend suggest understand will behavior boy for scene.,2020-11-11
97D81E48,Implemented demand-driven monitoring,Adidas,Electronics,686.4,True,2.3,Foreign since moment oil professional your sense open fund law hot.,2021-12-11
